variable_names,gqrtotals
variable_categories,1
region
1.0,19625.725974564157
2.0,29392.366559114405
