variable_names,totpop,agep,agep,agep,agep,agep,agep,agep,agep,agep,agep,gender,gender,employment,employment,employment
variable_categories,1,1,2,3,4,5,6,7,8,9,10,1,2,1,2,3
region
101,159464.0,10539.0,21665.0,21809.0,19074.0,18859.0,22233.0,20811.0,12654.0,8345.0,3475.0,78424.0,81040.0,75965.93000000001,47224.59,36273.479999999996
