variable_names,hhldrtype,hhldrtype,hhldrtype,hhldrtype,hhldsize,hhldsize,hhldsize,hhldsize,hhldsize,hhldsize,hhldsize,hhldrage,hhldrage,hhldrage,hhldrage
variable_categories,1,2,3,4,1,2,3,4,5,6,7,1,2,3,4
region
101,18353.884,4303.531000000001,25172.533,15305.051,18818.480053035917,22470.93481882751,9334.502992752457,7608.94181860203,2920.3368840070866,1402.209109695603,579.5933230794009,3240.9999999999995,18650.999000000003,25115.0,16128.0
