variable_names,groupquarter
variable_categories,1
region
1,4027.0
5,4920.0
13,9396.0
14,282.0
19,131.0
31,15981.0
35,800.0
39,43.0000000007
47,49.0
59,7427.0
123,898.000000254
