variable_names,totpop,agep,agep,agep,agep,agep,agep,agep,agep,agep,agep,gender,gender,employment,employment,employment
variable_categories,1,1,2,3,4,5,6,7,8,9,10,1,2,1,2,3
region
77,146587.0,9911.0,18737.0,20422.0,19287.0,16626.0,20743.0,19020.0,11452.0,7230.0,3159.0,72793.0,73794.0,79853.18999999999,35617.73000000001,31116.08
