variable_names,hhldrtype,hhldrtype,hhldrtype,hhldrtype,hhldsize,hhldsize,hhldsize,hhldsize,hhldsize,hhldsize,hhldsize,hhldrage,hhldrage,hhldrage,hhldrage
variable_categories,1,2,3,4,1,2,3,4,5,6,7,1,2,3,4
region
77,15363.926,1996.073,26338.387000000002,14233.614999999998,15491.018055410592,21697.700587720643,8645.092670759785,6804.4289398311585,3392.8283693016115,1196.4808256331542,704.4515513430545,3156.0,17788.0,22713.000000000004,14275.000999999998
